image_id,method,processing_time_ms,contrast_ratio,vessel_clarity_index,illumination_uniformity,edge_preservation_index,microaneurysm_visibility
01_dr,CLAHE,206.82120323181152,0.9618612769922115,0.006476028566255426,0.7150862167700464,0.7399936810095418,0.07531747756588571
01_dr,SSR,56216.989040374756,0.6072884573990879,0.0036815916493732038,0.7974578452036631,0.19920296208441157,0.13768616208902
01_dr,MSR,83409.62290763855,0.5482472867590567,0.004577367242011585,0.818290694692652,0.165807360394455,0.22088131220029109
01_dr,MSRCR,83687.90698051453,0.9375638717689789,0.0012709650656722313,0.7234699570192307,0.2938172585668391,0.2695754875260263
01_g,CLAHE,162.123441696167,0.9592633905786567,0.006251888597904915,0.719980965048018,0.6986973756469821,0.05915950501212269
01_g,SSR,73373.68321418762,0.5963374114090335,0.003403583042962603,0.802727578816629,0.28757742305865047,0.12225383039967763
01_g,MSR,130231.39595985413,0.5427838813996984,0.0042898030584286005,0.8219590521985529,0.2475841305862062,0.1983767437525723
01_g,MSRCR,99579.54668998718,0.950034258525377,0.0012340161951438485,0.7243288618224396,0.303153350876293,0.2873234605270445
